nodes	cores	mem	size	time
20	8	8192	5	57
20	8	8192	10	69
20	8	8192	15	77
20	8	8192	20	106
20	8	8192	25	118
20	8	8192	30	133
20	8	8192	35	174
20	8	8192	40	183
20	8	8192	45	190
20	8	8192	50	219
20	8	6144	5	53
20	8	6144	10	70
20	8	6144	15	83
20	8	6144	20	113
20	8	6144	25	135
20	8	6144	30	134
20	8	6144	35	170
20	8	6144	40	179
20	8	6144	45	210
20	8	6144	50	199
20	8	4096	5	49
20	8	4096	10	75
20	8	4096	15	91
20	8	4096	20	134
20	8	4096	25	143
20	8	4096	30	148
20	8	4096	35	183
20	8	4096	40	202
20	8	4096	45	205
20	8	4096	50	224
20	8	2048	5	45
20	8	2048	10	97
20	8	2048	15	121
20	8	2048	20	152
20	8	2048	25	181
20	8	2048	30	219
20	8	2048	35	261
20	8	2048	40	279
20	8	2048	45	321
20	8	2048	50	345
20	6	8192	5	55
20	6	8192	10	60
20	6	8192	15	82
20	6	8192	20	85
20	6	8192	25	119
20	6	8192	30	139
20	6	8192	35	174
20	6	8192	40	180
20	6	8192	45	206
20	6	8192	50	225
20	6	6144	5	53
20	6	6144	10	65
20	6	6144	15	80
20	6	6144	20	114
20	6	6144	25	118
20	6	6144	30	136
20	6	6144	35	190
20	6	6144	40	184
20	6	6144	45	207
20	6	6144	50	228
20	6	4096	5	61
20	6	4096	10	75
20	6	4096	15	89
20	6	4096	20	99
20	6	4096	25	135
20	6	4096	30	146
20	6	4096	35	187
20	6	4096	40	200
20	6	4096	45	207
20	6	4096	50	222
20	6	2048	5	47
20	6	2048	10	90
20	6	2048	15	117
20	6	2048	20	145
20	6	2048	25	190
20	6	2048	30	222
20	6	2048	35	272
20	6	2048	40	282
20	6	2048	45	318
20	6	2048	50	346
20	4	8192	5	61
20	4	8192	10	66
20	4	8192	15	77
20	4	8192	20	84
20	4	8192	25	118
20	4	8192	30	132
20	4	8192	35	179
20	4	8192	40	183
20	4	8192	45	180
20	4	8192	50	217
20	4	6144	5	54
20	4	6144	10	68
20	4	6144	15	86
20	4	6144	20	113
20	4	6144	25	123
20	4	6144	30	137
20	4	6144	35	177
20	4	6144	40	194
20	4	6144	45	206
20	4	6144	50	215
20	4	4096	5	50
20	4	4096	10	65
20	4	4096	15	84
20	4	4096	20	107
20	4	4096	25	131
20	4	4096	30	146
20	4	4096	35	185
20	4	4096	40	190
20	4	4096	45	220
20	4	4096	50	226
20	4	2048	5	47
20	4	2048	10	91
20	4	2048	15	113
20	4	2048	20	150
20	4	2048	25	181
20	4	2048	30	217
20	4	2048	35	261
20	4	2048	40	288
20	4	2048	45	315
20	4	2048	50	350
20	2	8192	5	58
20	2	8192	10	64
20	2	8192	15	87
20	2	8192	20	87
20	2	8192	25	118
20	2	8192	30	150
20	2	8192	35	176
20	2	8192	40	185
20	2	8192	45	205
20	2	8192	50	194
20	2	6144	5	56
20	2	6144	10	67
20	2	6144	15	78
20	2	6144	20	108
20	2	6144	25	125
20	2	6144	30	147
20	2	6144	35	187
20	2	6144	40	192
20	2	6144	45	192
20	2	6144	50	221
20	2	4096	5	50
20	2	4096	10	77
20	2	4096	15	91
20	2	4096	20	119
20	2	4096	25	123
20	2	4096	30	143
20	2	4096	35	185
20	2	4096	40	192
20	2	4096	45	202
20	2	4096	50	225
20	2	2048	5	53
20	2	2048	10	92
20	2	2048	15	118
20	2	2048	20	152
20	2	2048	25	184
20	2	2048	30	219
20	2	2048	35	258
20	2	2048	40	275
20	2	2048	45	313
20	2	2048	50	346
18	8	8192	5	62
18	8	8192	10	62
18	8	8192	15	79
18	8	8192	20	84
18	8	8192	25	122
18	8	8192	30	126
18	8	8192	35	183
18	8	8192	40	208
18	8	8192	45	222
18	8	8192	50	231
18	8	6144	5	49
18	8	6144	10	66
18	8	6144	15	91
18	8	6144	20	108
18	8	6144	25	143
18	8	6144	30	137
18	8	6144	35	180
18	8	6144	40	197
18	8	6144	45	214
18	8	6144	50	230
18	8	4096	5	52
18	8	4096	10	75
18	8	4096	15	91
18	8	4096	20	115
18	8	4096	25	147
18	8	4096	30	157
18	8	4096	35	194
18	8	4096	40	216
18	8	4096	45	234
18	8	4096	50	260
18	8	2048	5	48
18	8	2048	10	100
18	8	2048	15	122
18	8	2048	20	173
18	8	2048	25	205
18	8	2048	30	248
18	8	2048	35	297
18	8	2048	40	326
18	8	2048	45	365
18	8	2048	50	407
18	6	8192	5	54
18	6	8192	10	67
18	6	8192	15	82
18	6	8192	20	93
18	6	8192	25	141
18	6	8192	30	135
18	6	8192	35	179
18	6	8192	40	192
18	6	8192	45	191
18	6	8192	50	234
18	6	6144	5	55
18	6	6144	10	64
18	6	6144	15	80
18	6	6144	20	108
18	6	6144	25	138
18	6	6144	30	143
18	6	6144	35	197
18	6	6144	40	223
18	6	6144	45	227
18	6	6144	50	233
18	6	4096	5	48
18	6	4096	10	75
18	6	4096	15	91
18	6	4096	20	123
18	6	4096	25	139
18	6	4096	30	154
18	6	4096	35	195
18	6	4096	40	209
18	6	4096	45	237
18	6	4096	50	251
18	6	2048	5	48
18	6	2048	10	101
18	6	2048	15	131
18	6	2048	20	174
18	6	2048	25	203
18	6	2048	30	251
18	6	2048	35	289
18	6	2048	40	323
18	6	2048	45	355
18	6	2048	50	407
18	4	8192	5	58
18	4	8192	10	62
18	4	8192	15	78
18	4	8192	20	92
18	4	8192	25	133
18	4	8192	30	122
18	4	8192	35	187
18	4	8192	40	194
18	4	8192	45	188
18	4	8192	50	234
18	4	6144	5	53
18	4	6144	10	65
18	4	6144	15	84
18	4	6144	20	120
18	4	6144	25	126
18	4	6144	30	153
18	4	6144	35	190
18	4	6144	40	197
18	4	6144	45	215
18	4	6144	50	234
18	4	4096	5	47
18	4	4096	10	76
18	4	4096	15	90
18	4	4096	20	131
18	4	4096	25	142
18	4	4096	30	154
18	4	4096	35	191
18	4	4096	40	213
18	4	4096	45	221
18	4	4096	50	260
18	4	2048	5	47
18	4	2048	10	100
18	4	2048	15	133
18	4	2048	20	163
18	4	2048	25	206
18	4	2048	30	251
18	4	2048	35	283
18	4	2048	40	323
18	4	2048	45	358
18	4	2048	50	404
18	2	8192	5	58
18	2	8192	10	61
18	2	8192	15	87
18	2	8192	20	93
18	2	8192	25	116
18	2	8192	30	124
18	2	8192	35	184
18	2	8192	40	183
18	2	8192	45	189
18	2	8192	50	225
18	2	6144	5	53
18	2	6144	10	63
18	2	6144	15	92
18	2	6144	20	119
18	2	6144	25	129
18	2	6144	30	144
18	2	6144	35	176
18	2	6144	40	198
18	2	6144	45	215
18	2	6144	50	237
18	2	4096	5	50
18	2	4096	10	76
18	2	4096	15	85
18	2	4096	20	108
18	2	4096	25	134
18	2	4096	30	151
18	2	4096	35	197
18	2	4096	40	215
18	2	4096	45	237
18	2	4096	50	261
18	2	2048	5	54
18	2	2048	10	98
18	2	2048	15	134
18	2	2048	20	173
18	2	2048	25	216
18	2	2048	30	249
18	2	2048	35	302
18	2	2048	40	325
18	2	2048	45	358
18	2	2048	50	394
16	8	8192	5	63
16	8	8192	10	70
16	8	8192	15	67
16	8	8192	20	98
16	8	8192	25	121
16	8	8192	30	136
16	8	8192	35	174
16	8	8192	40	181
16	8	8192	45	214
16	8	8192	50	233
16	8	6144	5	52
16	8	6144	10	64
16	8	6144	15	91
16	8	6144	20	126
16	8	6144	25	131
16	8	6144	30	150
16	8	6144	35	186
16	8	6144	40	207
16	8	6144	45	209
16	8	6144	50	256
16	8	4096	5	47
16	8	4096	10	80
16	8	4096	15	87
16	8	4096	20	130
16	8	4096	25	147
16	8	4096	30	178
16	8	4096	35	205
16	8	4096	40	225
16	8	4096	45	243
16	8	4096	50	290
16	8	2048	5	50
16	8	2048	10	108
16	8	2048	15	138
16	8	2048	20	195
16	8	2048	25	238
16	8	2048	30	290
16	8	2048	35	337
16	8	2048	40	367
16	8	2048	45	412
16	8	2048	50	464
16	6	8192	5	62
16	6	8192	10	66
16	6	8192	15	73
16	6	8192	20	103
16	6	8192	25	119
16	6	8192	30	146
16	6	8192	35	171
16	6	8192	40	179
16	6	8192	45	210
16	6	8192	50	233
16	6	6144	5	53
16	6	6144	10	73
16	6	6144	15	84
16	6	6144	20	113
16	6	6144	25	121
16	6	6144	30	147
16	6	6144	35	173
16	6	6144	40	184
16	6	6144	45	199
16	6	6144	50	239
16	6	4096	5	51
16	6	4096	10	83
16	6	4096	15	92
16	6	4096	20	129
16	6	4096	25	148
16	6	4096	30	173
16	6	4096	35	213
16	6	4096	40	225
16	6	4096	45	237
16	6	4096	50	274
16	6	2048	5	49
16	6	2048	10	105
16	6	2048	15	144
16	6	2048	20	190
16	6	2048	25	228
16	6	2048	30	292
16	6	2048	35	334
16	6	2048	40	373
16	6	2048	45	414
16	6	2048	50	462
16	4	8192	5	56
16	4	8192	10	67
16	4	8192	15	74
16	4	8192	20	97
16	4	8192	25	118
16	4	8192	30	137
16	4	8192	35	170
16	4	8192	40	192
16	4	8192	45	189
16	4	8192	50	225
16	4	6144	5	48
16	4	6144	10	65
16	4	6144	15	86
16	4	6144	20	113
16	4	6144	25	119
16	4	6144	30	146
16	4	6144	35	174
16	4	6144	40	184
16	4	6144	45	214
16	4	6144	50	237
16	4	4096	5	56
16	4	4096	10	114
16	4	4096	15	91
16	4	4096	20	122
16	4	4096	25	150
16	4	4096	30	170
16	4	4096	35	199
16	4	4096	40	222
16	4	4096	45	242
16	4	4096	50	282
16	4	2048	5	52
16	4	2048	10	116
16	4	2048	15	144
16	4	2048	20	195
16	4	2048	25	240
16	4	2048	30	285
16	4	2048	35	325
16	4	2048	40	367
16	4	2048	45	416
16	4	2048	50	470
16	2	8192	5	60
16	2	8192	10	63
16	2	8192	15	70
16	2	8192	20	95
16	2	8192	25	122
16	2	8192	30	132
16	2	8192	35	166
16	2	8192	40	184
16	2	8192	45	202
16	2	8192	50	230
16	2	6144	5	50
16	2	6144	10	67
16	2	6144	15	86
16	2	6144	20	116
16	2	6144	25	128
16	2	6144	30	149
16	2	6144	35	177
16	2	6144	40	191
16	2	6144	45	209
16	2	6144	50	244
16	2	4096	5	47
16	2	4096	10	82
16	2	4096	15	90
16	2	4096	20	128
16	2	4096	25	153
16	2	4096	30	177
16	2	4096	35	198
16	2	4096	40	225
16	2	4096	45	242
16	2	4096	50	282
16	2	2048	5	47
16	2	2048	10	106
16	2	2048	15	141
16	2	2048	20	191
16	2	2048	25	238
16	2	2048	30	283
16	2	2048	35	334
16	2	2048	40	377
16	2	2048	45	418
16	2	2048	50	469
14	8	8192	5	60
14	8	8192	10	69
14	8	8192	15	88
14	8	8192	20	111
14	8	8192	25	135
14	8	8192	30	158
14	8	8192	35	201
14	8	8192	40	209
14	8	8192	45	221
14	8	8192	50	257
14	8	6144	5	51
14	8	6144	10	74
14	8	6144	15	91
14	8	6144	20	117
14	8	6144	25	143
14	8	6144	30	167
14	8	6144	35	207
14	8	6144	40	225
14	8	6144	45	236
14	8	6144	50	270
14	8	4096	5	45
14	8	4096	10	80
14	8	4096	15	110
14	8	4096	20	131
14	8	4096	25	165
14	8	4096	30	200
14	8	4096	35	229
14	8	4096	40	249
14	8	4096	45	282
14	8	4096	50	308
14	8	2048	5	71
14	8	2048	10	116
14	8	2048	15	156
14	8	2048	20	224
14	8	2048	25	271
14	8	2048	30	334
14	8	2048	35	385
14	8	2048	40	432
14	8	2048	45	476
14	8	2048	50	541
14	6	8192	5	65
14	6	8192	10	69
14	6	8192	15	98
14	6	8192	20	104
14	6	8192	25	136
14	6	8192	30	162
14	6	8192	35	189
14	6	8192	40	211
14	6	8192	45	223
14	6	8192	50	252
14	6	6144	5	56
14	6	6144	10	80
14	6	6144	15	23
14	6	6144	20	129
14	6	6144	25	161
14	6	6144	30	190
14	6	6144	35	226
14	6	6144	40	244
14	6	6144	45	269
14	6	6144	50	305
14	6	4096	5	57
14	6	4096	10	84
14	6	4096	15	111
14	6	4096	20	153
14	6	4096	25	194
14	6	4096	30	228
14	6	4096	35	262
14	6	4096	40	298
14	6	4096	45	331
14	6	4096	50	374
14	6	2048	5	73
14	6	2048	10	140
14	6	2048	15	188
14	6	2048	20	253
14	6	2048	25	331
14	6	2048	30	389
14	6	2048	35	465
14	6	2048	40	537
14	6	2048	45	595
14	6	2048	50	657
14	4	8192	5	61
14	4	8192	10	72
14	4	8192	15	29
14	4	8192	20	121
14	4	8192	25	149
14	4	8192	30	173
14	4	8192	35	203
14	4	8192	40	224
14	4	8192	45	251
14	4	8192	50	276
14	4	6144	5	53
14	4	6144	10	80
14	4	6144	15	96
14	4	6144	20	131
14	4	6144	25	152
14	4	6144	30	189
14	4	6144	35	216
14	4	6144	40	240
14	4	6144	45	263
14	4	6144	50	302
14	4	4096	5	50
14	4	4096	10	83
14	4	4096	15	24
14	4	4096	20	153
14	4	4096	25	190
14	4	4096	30	228
14	4	4096	35	262
14	4	4096	40	296
14	4	4096	45	323
14	4	4096	50	359
14	4	2048	5	58
14	4	2048	10	28
14	4	2048	15	114
14	4	2048	20	161
14	4	2048	25	200
14	4	2048	30	242
14	4	2048	35	280
14	4	2048	40	312
14	4	2048	45	337
14	4	2048	50	387
14	2	8192	5	59
14	2	8192	10	64
14	2	8192	15	27
14	2	8192	20	122
14	2	8192	25	149
14	2	8192	30	180
14	2	8192	35	201
14	2	8192	40	217
14	2	8192	45	248
14	2	8192	50	275
14	2	6144	5	53
14	2	6144	10	25
14	2	6144	15	2
14	2	6144	20	125
14	2	6144	25	158
14	2	6144	30	194
14	2	6144	35	211
14	2	6144	40	232
14	2	6144	45	267
14	2	6144	50	300
14	2	4096	5	59
14	2	4096	10	26
14	2	4096	15	22
14	2	4096	20	152
14	2	4096	25	190
14	2	4096	30	228
14	2	4096	35	265
14	2	4096	40	296
14	2	4096	45	327
14	2	4096	50	367
14	2	2048	5	70
14	2	2048	10	137
14	2	2048	15	177
14	2	2048	20	248
14	2	2048	25	327
14	2	2048	30	385
14	2	2048	35	461
14	2	2048	40	516
14	2	2048	45	578
14	2	2048	50	649
12	8	8192	5	57
12	8	8192	10	74
12	8	8192	15	103
12	8	8192	20	121
12	8	8192	25	155
12	8	8192	30	171
12	8	8192	35	215
12	8	8192	40	231
12	8	8192	45	261
12	8	8192	50	281
12	8	6144	5	56
12	8	6144	10	87
12	8	6144	15	110
12	8	6144	20	140
12	8	6144	25	162
12	8	6144	30	187
12	8	6144	35	232
12	8	6144	40	250
12	8	6144	45	279
12	8	6144	50	303
12	8	4096	5	51
12	8	4096	10	93
12	8	4096	15	123
12	8	4096	20	161
12	8	4096	25	190
12	8	4096	30	228
12	8	4096	35	245
12	8	4096	40	281
12	8	4096	45	307
12	8	4096	50	350
12	8	2048	5	74
12	8	2048	10	145
12	8	2048	15	202
12	8	2048	20	255
12	8	2048	25	321
12	8	2048	30	377
12	8	2048	35	447
12	8	2048	40	511
12	8	2048	45	581
12	8	2048	50	640
12	6	8192	5	60
12	6	8192	10	73
12	6	8192	15	97
12	6	8192	20	122
12	6	8192	25	151
12	6	8192	30	172
12	6	8192	35	199
12	6	8192	40	228
12	6	8192	45	252
12	6	8192	50	295
12	6	6144	5	49
12	6	6144	10	87
12	6	6144	15	111
12	6	6144	20	128
12	6	6144	25	165
12	6	6144	30	191
12	6	6144	35	214
12	6	6144	40	247
12	6	6144	45	275
12	6	6144	50	301
12	6	4096	5	48
12	6	4096	10	97
12	6	4096	15	117
12	6	4096	20	160
12	6	4096	25	189
12	6	4096	30	222
12	6	4096	35	247
12	6	4096	40	292
12	6	4096	45	314
12	6	4096	50	353
12	6	2048	5	76
12	6	2048	10	139
12	6	2048	15	192
12	6	2048	20	261
12	6	2048	25	328
12	6	2048	30	384
12	6	2048	35	442
12	6	2048	40	509
12	6	2048	45	579
12	6	2048	50	629
12	4	8192	5	59
12	4	8192	10	77
12	4	8192	15	105
12	4	8192	20	127
12	4	8192	25	155
12	4	8192	30	173
12	4	8192	35	216
12	4	8192	40	247
12	4	8192	45	255
12	4	8192	50	273
12	4	6144	5	52
12	4	6144	10	85
12	4	6144	15	102
12	4	6144	20	139
12	4	6144	25	158
12	4	6144	30	182
12	4	6144	35	223
12	4	6144	40	244
12	4	6144	45	261
12	4	6144	50	297
12	4	4096	5	51
12	4	4096	10	101
12	4	4096	15	118
12	4	4096	20	156
12	4	4096	25	188
12	4	4096	30	226
12	4	4096	35	256
12	4	4096	40	283
12	4	4096	45	322
12	4	4096	50	350
12	4	2048	5	74
12	4	2048	10	139
12	4	2048	15	192
12	4	2048	20	252
12	4	2048	25	329
12	4	2048	30	381
12	4	2048	35	436
12	4	2048	40	513
12	4	2048	45	573
12	4	2048	50	639
12	2	8192	5	59
12	2	8192	10	78
12	2	8192	15	99
12	2	8192	20	130
12	2	8192	25	162
12	2	8192	30	179
12	2	8192	35	219
12	2	8192	40	234
12	2	8192	45	252
12	2	8192	50	281
12	2	6144	5	51
12	2	6144	10	90
12	2	6144	15	109
12	2	6144	20	133
12	2	6144	25	160
12	2	6144	30	189
12	2	6144	35	221
12	2	6144	40	259
12	2	6144	45	264
12	2	6144	50	302
12	2	4096	5	48
12	2	4096	10	90
12	2	4096	15	123
12	2	4096	20	163
12	2	4096	25	195
12	2	4096	30	225
12	2	4096	35	249
12	2	4096	40	286
12	2	4096	45	305
12	2	4096	50	353
12	2	2048	5	77
12	2	2048	10	142
12	2	2048	15	198
12	2	2048	20	265
12	2	2048	25	327
12	2	2048	30	376
12	2	2048	35	449
12	2	2048	40	516
12	2	2048	45	568
12	2	2048	50	633
10	8	8192	5	57
10	8	8192	10	83
10	8	8192	15	116
10	8	8192	20	134
10	8	8192	25	172
10	8	8192	30	203
10	8	8192	35	234
10	8	8192	40	265
10	8	8192	45	277
10	8	8192	50	309
10	8	6144	5	46
10	8	6144	10	97
10	8	6144	15	129
10	8	6144	20	145
10	8	6144	25	179
10	8	6144	30	206
10	8	6144	35	243
10	8	6144	40	276
10	8	6144	45	296
10	8	6144	50	347
10	8	4096	5	59
10	8	4096	10	107
10	8	4096	15	134
10	8	4096	20	178
10	8	4096	25	214
10	8	4096	30	248
10	8	4096	35	289
10	8	4096	40	334
10	8	4096	45	353
10	8	4096	50	414
10	8	2048	5	86
10	8	2048	10	171
10	8	2048	15	232
10	8	2048	20	306
10	8	2048	25	395
10	8	2048	30	463
10	8	2048	35	546
10	8	2048	40	633
10	8	2048	45	682
10	8	2048	50	779
10	6	8192	5	59
10	6	8192	10	88
10	6	8192	15	113
10	6	8192	20	140
10	6	8192	25	161
10	6	8192	30	193
10	6	8192	35	235
10	6	8192	40	257
10	6	8192	45	280
10	6	8192	50	328
10	6	6144	5	51
10	6	6144	10	96
10	6	6144	15	117
10	6	6144	20	144
10	6	6144	25	180
10	6	6144	30	207
10	6	6144	35	248
10	6	6144	40	267
10	6	6144	45	287
10	6	6144	50	342
10	6	4096	5	53
10	6	4096	10	100
10	6	4096	15	144
10	6	4096	20	180
10	6	4096	25	222
10	6	4096	30	260
10	6	4096	35	298
10	6	4096	40	338
10	6	4096	45	369
10	6	4096	50	415
10	6	2048	5	83
10	6	2048	10	160
10	6	2048	15	233
10	6	2048	20	307
10	6	2048	25	394
10	6	2048	30	459
10	6	2048	35	545
10	6	2048	40	616
10	6	2048	45	676
10	6	2048	50	793
10	4	8192	5	66
10	4	8192	10	86
10	4	8192	15	122
10	4	8192	20	152
10	4	8192	25	170
10	4	8192	30	207
10	4	8192	35	229
10	4	8192	40	261
10	4	8192	45	276
10	4	8192	50	316
10	4	6144	5	53
10	4	6144	10	98
10	4	6144	15	117
10	4	6144	20	152
10	4	6144	25	181
10	4	6144	30	210
10	4	6144	35	252
10	4	6144	40	293
10	4	6144	45	289
10	4	6144	50	348
10	4	4096	5	55
10	4	4096	10	106
10	4	4096	15	141
10	4	4096	20	181
10	4	4096	25	213
10	4	4096	30	253
10	4	4096	35	290
10	4	4096	40	341
10	4	4096	45	368
10	4	4096	50	411
10	4	2048	5	87
10	4	2048	10	168
10	4	2048	15	232
10	4	2048	20	315
10	4	2048	25	391
10	4	2048	30	462
10	4	2048	35	540
10	4	2048	40	626
10	4	2048	45	679
10	4	2048	50	789
10	2	8192	5	58
10	2	8192	10	93
10	2	8192	15	117
10	2	8192	20	152
10	2	8192	25	173
10	2	8192	30	203
10	2	8192	35	243
10	2	8192	40	272
10	2	8192	45	281
10	2	8192	50	315
10	2	6144	5	50
10	2	6144	10	94
10	2	6144	15	123
10	2	6144	20	150
10	2	6144	25	176
10	2	6144	30	208
10	2	6144	35	262
10	2	6144	40	290
10	2	6144	45	295
10	2	6144	50	337
10	2	4096	5	50
10	2	4096	10	107
10	2	4096	15	141
10	2	4096	20	180
10	2	4096	25	221
10	2	4096	30	242
10	2	4096	35	295
10	2	4096	40	345
10	2	4096	45	355
10	2	4096	50	403
10	2	2048	5	85
10	2	2048	10	167
10	2	2048	15	228
10	2	2048	20	308
10	2	2048	25	397
10	2	2048	30	483
10	2	2048	35	550
10	2	2048	40	651
10	2	2048	45	679
10	2	2048	50	766
8	8	8192	5	59
8	8	8192	10	104
8	8	8192	15	127
8	8	8192	20	163
8	8	8192	25	196
8	8	8192	30	217
8	8	8192	35	261
8	8	8192	40	300
8	8	8192	45	310
8	8	8192	50	374
8	8	6144	5	52
8	8	6144	10	100
8	8	6144	15	206
8	8	6144	20	161
8	8	6144	25	197
8	8	6144	30	230
8	8	6144	35	268
8	8	6144	40	315
8	8	6144	45	339
8	8	6144	50	392
8	8	4096	5	78
8	8	4096	10	121
8	8	4096	15	165
8	8	4096	20	213
8	8	4096	25	253
8	8	4096	30	294
8	8	4096	35	358
8	8	4096	40	401
8	8	4096	45	428
8	8	4096	50	501
8	8	2048	5	99
8	8	2048	10	211
8	8	2048	15	289
8	8	2048	20	391
8	8	2048	25	497
8	8	2048	30	588
8	8	2048	35	685
8	8	2048	40	793
8	8	2048	45	879
8	8	2048	50	995
8	6	8192	5	53
8	6	8192	10	107
8	6	8192	15	137
8	6	8192	20	155
8	6	8192	25	188
8	6	8192	30	218
8	6	8192	35	267
8	6	8192	40	312
8	6	8192	45	321
8	6	8192	50	361
8	6	6144	5	53
8	6	6144	10	101
8	6	6144	15	133
8	6	6144	20	165
8	6	6144	25	205
8	6	6144	30	237
8	6	6144	35	280
8	6	6144	40	314
8	6	6144	45	344
8	6	6144	50	379
8	6	4096	5	58
8	6	4096	10	118
8	6	4096	15	163
8	6	4096	20	202
8	6	4096	25	263
8	6	4096	30	297
8	6	4096	35	357
8	6	4096	40	406
8	6	4096	45	432
8	6	4096	50	489
8	6	2048	5	99
8	6	2048	10	212
8	6	2048	15	292
8	6	2048	20	392
8	6	2048	25	497
8	6	2048	30	573
8	6	2048	35	669
8	6	2048	40	775
8	6	2048	45	845
8	6	2048	50	983
8	4	8192	5	61
8	4	8192	10	109
8	4	8192	15	130
8	4	8192	20	157
8	4	8192	25	192
8	4	8192	30	227
8	4	8192	35	265
8	4	8192	40	302
8	4	8192	45	312
8	4	8192	50	364
8	4	6144	5	67
8	4	6144	10	101
8	4	6144	15	136
8	4	6144	20	183
8	4	6144	25	204
8	4	6144	30	234
8	4	6144	35	284
8	4	6144	40	311
8	4	6144	45	342
8	4	6144	50	384
8	4	4096	5	67
8	4	4096	10	116
8	4	4096	15	156
8	4	4096	20	202
8	4	4096	25	259
8	4	4096	30	300
8	4	4096	35	347
8	4	4096	40	394
8	4	4096	45	434
8	4	4096	50	489
8	4	2048	5	98
8	4	2048	10	210
8	4	2048	15	291
8	4	2048	20	394
8	4	2048	25	484
8	4	2048	30	577
8	4	2048	35	678
8	4	2048	40	782
8	4	2048	45	846
8	4	2048	50	974
8	2	8192	5	59
8	2	8192	10	97
8	2	8192	15	136
8	2	8192	20	164
8	2	8192	25	198
8	2	8192	30	217
8	2	8192	35	254
8	2	8192	40	300
8	2	8192	45	317
8	2	8192	50	365
8	2	6144	5	52
8	2	6144	10	102
8	2	6144	15	140
8	2	6144	20	173
8	2	6144	25	204
8	2	6144	30	237
8	2	6144	35	282
8	2	6144	40	318
8	2	6144	45	342
8	2	6144	50	385
8	2	4096	5	63
8	2	4096	10	118
8	2	4096	15	165
8	2	4096	20	207
8	2	4096	25	258
8	2	4096	30	305
8	2	4096	35	352
8	2	4096	40	398
8	2	4096	45	439
8	2	4096	50	491
8	2	2048	5	101
8	2	2048	10	206
8	2	2048	15	292
8	2	2048	20	387
8	2	2048	25	486
8	2	2048	30	586
8	2	2048	35	687
8	2	2048	40	785
8	2	2048	45	853
8	2	2048	50	1006
6	8	8192	5	68
6	8	8192	10	108
6	8	8192	15	136
6	8	8192	20	169
6	8	8192	25	203
6	8	8192	30	251
6	8	8192	35	288
6	8	8192	40	326
6	8	8192	45	350
6	8	8192	50	407
6	8	6144	5	67
6	8	6144	10	110
6	8	6144	15	147
6	8	6144	20	178
6	8	6144	25	228
6	8	6144	30	273
6	8	6144	35	316
6	8	6144	40	379
6	8	6144	45	395
6	8	6144	50	444
6	8	4096	5	77
6	8	4096	10	142
6	8	4096	15	189
6	8	4096	20	243
6	8	4096	25	317
6	8	4096	30	384
6	8	4096	35	446
6	8	4096	40	509
6	8	4096	45	564
6	8	4096	50	620
6	8	2048	5	133
6	8	2048	10	274
6	8	2048	15	404
6	8	2048	20	529
6	8	2048	25	689
6	8	2048	30	783
6	8	2048	35	959
6	8	2048	40	1066
6	8	2048	45	1178
6	8	2048	50	1383
6	6	8192	5	63
6	6	8192	10	107
6	6	8192	15	133
6	6	8192	20	165
6	6	8192	25	212
6	6	8192	30	242
6	6	8192	35	285
6	6	8192	40	328
6	6	8192	45	336
6	6	8192	50	397
6	6	6144	5	66
6	6	6144	10	109
6	6	6144	15	147
6	6	6144	20	187
6	6	6144	25	233
6	6	6144	30	267
6	6	6144	35	319
6	6	6144	40	364
6	6	6144	45	357
6	6	6144	50	452
6	6	4096	5	79
6	6	4096	10	138
6	6	4096	15	202
6	6	4096	20	246
6	6	4096	25	328
6	6	4096	30	383
6	6	4096	35	446
6	6	4096	40	508
6	6	4096	45	553
6	6	4096	50	635
6	6	2048	5	120
6	6	2048	10	280
6	6	2048	15	394
6	6	2048	20	528
6	6	2048	25	673
6	6	2048	30	795
6	6	2048	35	942
6	6	2048	40	1090
6	6	2048	45	1180
6	6	2048	50	1330
6	4	8192	5	65
6	4	8192	10	103
6	4	8192	15	138
6	4	8192	20	167
6	4	8192	25	220
6	4	8192	30	243
6	4	8192	35	285
6	4	8192	40	340
6	4	8192	45	348
6	4	8192	50	396
6	4	6144	5	71
6	4	6144	10	112
6	4	6144	15	143
6	4	6144	20	190
6	4	6144	25	229
6	4	6144	30	269
6	4	6144	35	323
6	4	6144	40	364
6	4	6144	45	400
6	4	6144	50	451
6	4	4096	5	77
6	4	4096	10	153
6	4	4096	15	191
6	4	4096	20	248
6	4	4096	25	327
6	4	4096	30	382
6	4	4096	35	445
6	4	4096	40	499
6	4	4096	45	548
6	4	4096	50	633
6	4	2048	5	131
6	4	2048	10	290
6	4	2048	15	406
6	4	2048	20	522
6	4	2048	25	674
6	4	2048	30	792
6	4	2048	35	921
6	4	2048	40	1068
6	4	2048	45	1184
6	4	2048	50	1346
6	2	8192	5	64
6	2	8192	10	112
6	2	8192	15	141
6	2	8192	20	163
6	2	8192	25	214
6	2	8192	30	242
6	2	8192	35	283
6	2	8192	40	321
6	2	8192	45	354
6	2	8192	50	391
6	2	6144	5	65
6	2	6144	10	109
6	2	6144	15	156
6	2	6144	20	187
6	2	6144	25	231
6	2	6144	30	272
6	2	6144	35	328
6	2	6144	40	360
6	2	6144	45	403
6	2	6144	50	456
6	2	4096	5	83
6	2	4096	10	143
6	2	4096	15	197
6	2	4096	20	243
6	2	4096	25	315
6	2	4096	30	377
6	2	4096	35	458
6	2	4096	40	508
6	2	4096	45	561
6	2	4096	50	637
6	2	2048	5	135
6	2	2048	10	283
6	2	2048	15	402
6	2	2048	20	527
6	2	2048	25	689
6	2	2048	30	812
6	2	2048	35	941
6	2	2048	40	1060
6	2	2048	45	1174
6	2	2048	50	1333
4	8	8192	5	76
4	8	8192	10	130
4	8	8192	15	169
4	8	8192	20	211
4	8	8192	25	282
4	8	8192	30	318
4	8	8192	35	369
4	8	8192	40	428
4	8	8192	45	468
4	8	8192	50	515
4	8	6144	5	81
4	8	6144	10	143
4	8	6144	15	190
4	8	6144	20	252
4	8	6144	25	337
4	8	6144	30	379
4	8	6144	35	501
4	8	6144	40	505
4	8	6144	45	571
4	8	6144	50	629
4	8	4096	5	96
4	8	4096	10	200
4	8	4096	15	279
4	8	4096	20	357
4	8	4096	25	454
4	8	4096	30	536
4	8	4096	35	652
4	8	4096	40	737
4	8	4096	45	805
4	8	4096	50	924
4	8	2048	5	198
4	8	2048	10	452
4	8	2048	15	645
4	8	2048	20	863
4	8	2048	25	1149
4	8	2048	30	1330
4	8	2048	35	1542
4	8	2048	40	1806
4	8	2048	45	2054
4	8	2048	50	2326
4	6	8192	5	71
4	6	8192	10	131
4	6	8192	15	168
4	6	8192	20	209
4	6	8192	25	274
4	6	8192	30	317
4	6	8192	35	371
4	6	8192	40	426
4	6	8192	45	458
4	6	8192	50	512
4	6	6144	5	82
4	6	6144	10	148
4	6	6144	15	193
4	6	6144	20	249
4	6	6144	25	317
4	6	6144	30	368
4	6	6144	35	441
4	6	6144	40	509
4	6	6144	45	562
4	6	6144	50	631
4	6	4096	5	101
4	6	4096	10	197
4	6	4096	15	275
4	6	4096	20	368
4	6	4096	25	464
4	6	4096	30	550
4	6	4096	35	652
4	6	4096	40	773
4	6	4096	45	840
4	6	4096	50	928
4	6	2048	5	195
4	6	2048	10	452
4	6	2048	15	672
4	6	2048	20	881
4	6	2048	25	1110
4	6	2048	30	1335
4	6	2048	35	1595
4	6	2048	40	1798
4	6	2048	45	2072
4	6	2048	50	2344
4	4	8192	5	72
4	4	8192	10	128
4	4	8192	15	170
4	4	8192	20	211
4	4	8192	25	272
4	4	8192	30	321
4	4	8192	35	388
4	4	8192	40	422
4	4	8192	45	472
4	4	8192	50	519
4	4	6144	5	85
4	4	6144	10	144
4	4	6144	15	201
4	4	6144	20	257
4	4	6144	25	326
4	4	6144	30	383
4	4	6144	35	141
4	4	6144	40	509
4	4	6144	45	576
4	4	6144	50	632
4	4	4096	5	101
4	4	4096	10	206
4	4	4096	15	279
4	4	4096	20	367
4	4	4096	25	465
4	4	4096	30	558
4	4	4096	35	652
4	4	4096	40	742
4	4	4096	45	821
4	4	4096	50	921
4	4	2048	5	200
4	4	2048	10	447
4	4	2048	15	627
4	4	2048	20	918
4	4	2048	25	1173
4	4	2048	30	1376
4	4	2048	35	1660
4	4	2048	40	1883
4	4	2048	45	2053
4	4	2048	50	2276
4	2	8192	5	74
4	2	8192	10	126
4	2	8192	15	165
4	2	8192	20	214
4	2	8192	25	271
4	2	8192	30	320
4	2	8192	35	374
4	2	8192	40	427
4	2	8192	45	463
4	2	8192	50	518
4	2	6144	5	81
4	2	6144	10	147
4	2	6144	15	197
4	2	6144	20	251
4	2	6144	25	320
4	2	6144	30	382
4	2	6144	35	445
4	2	6144	40	502
4	2	6144	45	555
4	2	6144	50	627
4	2	4096	5	110
4	2	4096	10	202
4	2	4096	15	288
4	2	4096	20	372
4	2	4096	25	471
4	2	4096	30	566
4	2	4096	35	646
4	2	4096	40	739
4	2	4096	45	824
4	2	4096	50	915
4	2	2048	5	208
4	2	2048	10	439
4	2	2048	15	634
4	2	2048	20	882
4	2	2048	25	1162
4	2	2048	30	1355
4	2	2048	35	1590
4	2	2048	40	1834
4	2	2048	45	2037
4	2	2048	50	2279
